timestamp,attentiveness_rating,comment,eye_contact_score,posture_score,focus_duration
2025-03-06T14:57:05.601734,5.0,"Okay, here's my analysis of the student's attentiveness based on the provided webcam screenshot, adhering to your requested format:

METRIC: ATTENTIVENESS_RATING: 7

METRIC: EYE_CONTACT_SCORE: 8

METRIC: POSTURE_SCORE: 6

METRIC: FOCUS_DURATION: 75%

METRIC: DETAILED_OBSERVATIONS:
- The student is looking directly at the screen, indicating good focus.
- The student's posture is slightly slouched, which could indicate some level of fatigue or slight disengagement. While not severely slumped, it isn't perfectly upright.
- There are no visible external distractions in the immediate background.
- Student is not interacting with other objects or devices during class.
- Overall, the student appears reasonably engaged, but improvements in posture could potentially further enhance focus.
",5.0,5.0,30
2025-03-06T14:58:54.315687,7.0,"Okay, I will analyze the student's attention levels based on the webcam screenshots provided.

METRIC: ATTENTIVENESS_RATING: 7

METRIC: EYE_CONTACT_SCORE: 7

METRIC: POSTURE_SCORE: 8

METRIC: FOCUS_DURATION: 75%

5.  DETAILED_OBSERVATIONS:
- The student appears to be looking directly at the screen.
- The posture is generally good, indicating engagement.
- There are no visible distractions.
- The student seems focused, but the slight head movement suggests occasional shifts in attention.
",7.0,8.0,45
2025-03-06T15:01:54.893058,7.0,"Okay, I will analyze the student's attentiveness based on the provided webcam screenshots.

METRIC: ATTENTIVENESS_RATING: 7

METRIC: EYE_CONTACT_SCORE: 7

METRIC: POSTURE_SCORE: 8

METRIC: FOCUS_DURATION: 75%

DETAILED_OBSERVATIONS:
- The student is facing the screen, suggesting they are generally engaged with the class content.
- Eye contact appears mostly consistent, but there is occasional glancing away which could indicate brief distractions or processing of information.
- Posture appears upright and attentive. The student isn't slouched, suggesting a comfortable but focused position.
- The absence of visible external distractions (e.g., phone, other people) contributes to the relatively high attention rating.
- Facial expression seems neutral, making it difficult to assess active engagement beyond basic attention.",7.0,8.0,45
2025-03-06T15:02:08.914296,7.0,"Okay, I will analyze the student's attentiveness based on the webcam screenshot you provided.

METRIC: ATTENTIVENESS_RATING: 7

METRIC: EYE_CONTACT_SCORE: 8

METRIC: POSTURE_SCORE: 7

METRIC: FOCUS_DURATION: 85%

METAILED_OBSERVATIONS:
- The student is looking directly at the screen, which indicates good eye contact.
- The student's posture is upright, though slightly relaxed.
- The student appears to be focused and engaged with the material being presented on screen.
- No visible distractions are present in the image.
- It's possible that the student is also taking notes, indicated by his hand position.
",8.0,7.0,51
2025-03-06T15:04:15.122687,8.0,"Okay, I will analyze the student's attentiveness based on the provided webcam screenshot.

METRIC: ATTENTIVENESS_RATING: 8

METRIC: EYE_CONTACT_SCORE: 7

METRIC: POSTURE_SCORE: 9

METRIC: FOCUS_DURATION: 85%

DETAILED_OBSERVATIONS:
- The student is sitting upright in their chair.
- They appear to be looking directly at the screen.
- There are no obvious distractions in the immediate background.
- A slight furrow in the brow indicates they are concentrating or thinking.
- Overall, the student seems engaged with the material being presented.",7.0,9.0,51
2025-03-06T15:04:25.061589,8.0,"Okay, I will analyze the student's attentiveness based on the provided webcam screenshots.

METRIC: ATTENTIVENESS_RATING: 8
METRIC: EYE_CONTACT_SCORE: 8
METRIC: POSTURE_SCORE: 7
METRIC: FOCUS_DURATION: 85%

DETAILED_OBSERVATIONS:
- The student's gaze is primarily directed towards the screen, indicating good eye contact.
- Posture is mostly upright, but there appears to be a slight slouch.
- There are no apparent distractions in the immediate surroundings.
- The student's facial expression appears neutral to engaged, suggesting they are likely processing the information being presented.
- Overall, the student demonstrates a good level of attentiveness based on the available visual cues.",8.0,7.0,51
2025-03-06T15:04:35.140014,7.0,"Okay, I will analyze the student's attentiveness based on the provided webcam screenshots.

METRIC: ATTENTIVENESS_RATING: 7

METRIC: EYE_CONTACT_SCORE: 8

METRIC: POSTURE_SCORE: 7

METRIC: FOCUS_DURATION: 85%

5.  DETAILED_OBSERVATIONS:
    *   The student is looking directly at the screen, suggesting they are actively engaged with the material being presented.
    *   Their posture is reasonably upright, indicating that they are alert and attentive. There's a slight hunch forward, but it's not severe.
    *   I do not see any visible distractions in the background.
    *   The student's facial expression appears neutral, but the direct gaze indicates interest and focus on the screen.

",8.0,7.0,51
2025-03-06T15:05:33.372154,8.0,"Okay, I will analyze the student's attention based on the provided image using the requested format.

METRIC: ATTENTIVENESS_RATING: 8
METRIC: EYE_CONTACT_SCORE: 8
METRIC: POSTURE_SCORE: 7
METRIC: FOCUS_DURATION: 85%

DETAILED_OBSERVATIONS:
- The student is facing the camera, suggesting they are looking at the screen.
- The student seems to be sitting upright in their chair, which is good. However, they appear to be leaning forward slightly.
- The student's gaze seems directed towards the screen, which indicates engagement with the class content.
- No visible distractions are apparent in the image.
- The slight lean forward could suggest interest, but could also be a sign of minor discomfort or eye strain.
",8.0,7.0,51
2025-03-06T15:05:43.461052,8.0,"Okay, I will analyze the student's attentiveness based on the provided webcam screenshot.

METRIC: ATTENTIVENESS_RATING: 8
METRIC: EYE_CONTACT_SCORE: 9
METRIC: POSTURE_SCORE: 7
METRIC: FOCUS_DURATION: 85%

5.  DETAILED_OBSERVATIONS:
    - The student appears to be looking directly at the screen, which suggests strong engagement with the material.
    - Their posture is relatively upright, though there appears to be some slight slouching, this is not extreme, but notable.
    - The hand propped up on the chin could indicate contemplation or slight fatigue.
    - No immediate distractions are visible.
    - Overall, the student's behavior suggests a good level of focus and participation in the online class, but their posture could be improved.",9.0,7.0,51
2025-03-06T15:05:54.292326,8.0,"Okay, I will analyze the student's attention levels and behavior based on the provided webcam screenshots.

METRIC: ATTENTIVENESS_RATING: 8
METRIC: EYE_CONTACT_SCORE: 8
METRIC: POSTURE_SCORE: 7
METRIC: FOCUS_DURATION: 85%

DETAILED_OBSERVATIONS:
- The student is looking directly at the screen, suggesting good engagement with the material.
- The student appears to have a slight slouch, but is sitting at a reasonable distance from the screen.
- The student's head is tilted slightly, potentially indicating that they are concentrating.
- No obvious distractions are present in the immediate view. The student appears to be focused on the screen.
",8.0,7.0,51
2025-03-06T15:07:13.883448,7.0,"Okay, I can analyze the student's attentiveness based on the provided webcam screenshot. Here's my assessment:

ATTENTIVENESS_RATING: 7

EYE_CONTACT_SCORE: 8
- The student's gaze appears directed towards the screen. There is good eye contact.

POSTURE_SCORE: 7
- The student's posture seems fairly upright, not heavily slouching. They are sitting at a reasonable distance from the screen.

FOCUS_DURATION: 85%

DETAILED_OBSERVATIONS:
- The student appears to be actively engaged with the screen.
- There are no readily visible external distractions in the frame.
- The student appears to be focused and following along with the content.
",8.0,7.0,51
2025-03-06T15:07:24.031259,8.0,"Okay, I will analyze the student's attentiveness based on the provided webcam screenshot.

METRIC: ATTENTIVENESS_RATING: 8

METRIC: EYE_CONTACT_SCORE: 7

METRIC: POSTURE_SCORE: 9

METRIC: FOCUS_DURATION: 85%

5.  DETAILED_OBSERVATIONS:

*   The student appears to be primarily focused on the screen. The gaze is directed towards the screen.
*   The student is sitting in an upright posture, indicating engagement.
*   There are no visible distractions in the immediate surroundings.
*   The focused expression suggests a good level of concentration.
*   Slight downward head tilt may indicate reading or note-taking.
",7.0,9.0,51
